{
  "Purchase Flight" : {
    "transaction" : "Purchase Flight",
    "sampleCount" : 250,
    "errorCount" : 0,
    "errorPct" : 0.0,
    "meanResTime" : 659.0959999999995,
    "medianResTime" : 338.0,
    "minResTime" : 222.0,
    "maxResTime" : 3787.0,
    "pct1ResTime" : 1835.2,
    "pct2ResTime" : 2947.6499999999987,
    "pct3ResTime" : 3482.2300000000023,
    "throughput" : 19.25891687851475,
    "receivedKBytesPerSec" : 126.3678344792389,
    "sentKBytesPerSec" : 4.043620243047531
  },
  "Total" : {
    "transaction" : "Total",
    "sampleCount" : 750,
    "errorCount" : 0,
    "errorPct" : 0.0,
    "meanResTime" : 679.1159999999998,
    "medianResTime" : 407.5,
    "minResTime" : 222.0,
    "maxResTime" : 3873.0,
    "pct1ResTime" : 1485.699999999999,
    "pct2ResTime" : 2708.649999999989,
    "pct3ResTime" : 3495.7400000000002,
    "throughput" : 53.082312973317286,
    "receivedKBytesPerSec" : 323.4876240799066,
    "sentKBytesPerSec" : 9.849257289970982
  },
  "Reserve Flight" : {
    "transaction" : "Reserve Flight",
    "sampleCount" : 250,
    "errorCount" : 0,
    "errorPct" : 0.0,
    "meanResTime" : 603.4319999999997,
    "medianResTime" : 345.5,
    "minResTime" : 228.0,
    "maxResTime" : 3873.0,
    "pct1ResTime" : 1138.7000000000003,
    "pct2ResTime" : 2155.0999999999995,
    "pct3ResTime" : 3434.4300000000003,
    "throughput" : 19.26040061633282,
    "receivedKBytesPerSec" : 136.27109615755006,
    "sentKBytesPerSec" : 4.438920454545454
  },
  "Home" : {
    "transaction" : "Home",
    "sampleCount" : 250,
    "errorCount" : 0,
    "errorPct" : 0.0,
    "meanResTime" : 774.8200000000005,
    "medianResTime" : 492.0,
    "minResTime" : 358.0,
    "maxResTime" : 3633.0,
    "pct1ResTime" : 1527.8000000000006,
    "pct2ResTime" : 2996.7499999999995,
    "pct3ResTime" : 3625.3900000000003,
    "throughput" : 18.850852058513045,
    "receivedKBytesPerSec" : 87.57178051010405,
    "sentKBytesPerSec" : 2.190675190393606
  }
}