{
  "Purchase Flight" : {
    "transaction" : "Purchase Flight",
    "sampleCount" : 2500,
    "errorCount" : 0,
    "errorPct" : 0.0,
    "meanResTime" : 1686.1283999999996,
    "medianResTime" : 1061.5,
    "minResTime" : 218.0,
    "maxResTime" : 7463.0,
    "pct1ResTime" : 4110.400000000001,
    "pct2ResTime" : 5213.649999999999,
    "pct3ResTime" : 6898.99,
    "throughput" : 65.20775189754558,
    "receivedKBytesPerSec" : 427.86229426954276,
    "sentKBytesPerSec" : 13.691080720676075
  },
  "Total" : {
    "transaction" : "Total",
    "sampleCount" : 7500,
    "errorCount" : 0,
    "errorPct" : 0.0,
    "meanResTime" : 1707.8146666666623,
    "medianResTime" : 1162.5,
    "minResTime" : 218.0,
    "maxResTime" : 7494.0,
    "pct1ResTime" : 4094.0,
    "pct2ResTime" : 5164.95,
    "pct3ResTime" : 6920.939999999999,
    "throughput" : 189.33178502006916,
    "receivedKBytesPerSec" : 1153.802788068311,
    "sentKBytesPerSec" : 35.12992104864565
  },
  "Reserve Flight" : {
    "transaction" : "Reserve Flight",
    "sampleCount" : 2500,
    "errorCount" : 0,
    "errorPct" : 0.0,
    "meanResTime" : 1704.651200000001,
    "medianResTime" : 1156.5,
    "minResTime" : 226.0,
    "maxResTime" : 7494.0,
    "pct1ResTime" : 4127.5,
    "pct2ResTime" : 5085.5999999999985,
    "pct3ResTime" : 6888.969999999999,
    "throughput" : 66.11133148221606,
    "receivedKBytesPerSec" : 467.75068590506413,
    "sentKBytesPerSec" : 15.236595927541982
  },
  "Home" : {
    "transaction" : "Home",
    "sampleCount" : 2500,
    "errorCount" : 0,
    "errorPct" : 0.0,
    "meanResTime" : 1732.6643999999994,
    "medianResTime" : 1222.0,
    "minResTime" : 219.0,
    "maxResTime" : 7451.0,
    "pct1ResTime" : 3954.700000000001,
    "pct2ResTime" : 5199.549999999998,
    "pct3ResTime" : 7024.459999999988,
    "throughput" : 64.85420774099823,
    "receivedKBytesPerSec" : 301.28113407310366,
    "sentKBytesPerSec" : 7.5367682824011615
  }
}